,index,Pos,No,Driver,Car,Q1,Q2,Q3,Laps,race_name,race_year,race_num
0,0,1,33,Max Verstappen VER,Red Bull Racing Honda,1:30.499,1:30.318,1:28.997,15,bahrain,2021,1064
1,1,2,44,Lewis Hamilton HAM,Mercedes,1:30.617,1:30.085,1:29.385,18,bahrain,2021,1064
2,2,3,77,Valtteri Bottas BOT,Mercedes,1:31.200,1:30.186,1:29.586,17,bahrain,2021,1064
3,3,4,16,Charles Leclerc LEC,Ferrari,1:30.691,1:30.010,1:29.678,15,bahrain,2021,1064
4,4,5,10,Pierre Gasly GAS,AlphaTauri Honda,1:30.848,1:30.513,1:29.809,15,bahrain,2021,1064
5,5,6,3,Daniel Ricciardo RIC,McLaren Mercedes,1:30.795,1:30.222,1:29.927,18,bahrain,2021,1064
6,6,7,4,Lando Norris NOR,McLaren Mercedes,1:30.902,1:30.099,1:29.974,18,bahrain,2021,1064
7,7,8,55,Carlos Sainz SAI,Ferrari,1:31.653,1:30.009,1:30.215,17,bahrain,2021,1064
8,8,9,14,Fernando Alonso ALO,Alpine Renault,1:30.863,1:30.595,1:30.249,15,bahrain,2021,1064
9,9,10,18,Lance Stroll STR,Aston Martin Mercedes,1:31.261,1:30.624,1:30.601,15,bahrain,2021,1064
10,10,11,11,Sergio Perez PER,Red Bull Racing Honda,1:31.165,1:30.659,,11,bahrain,2021,1064
11,11,12,99,Antonio Giovinazzi GIO,Alfa Romeo Racing Ferrari,1:30.998,1:30.708,,12,bahrain,2021,1064
12,12,13,22,Yuki Tsunoda TSU,AlphaTauri Honda,1:30.607,1:31.203,,9,bahrain,2021,1064
13,13,14,7,Kimi Räikkönen RAI,Alfa Romeo Racing Ferrari,1:31.547,1:31.238,,12,bahrain,2021,1064
14,14,15,63,George Russell RUS,Williams Mercedes,1:31.316,1:33.430,,11,bahrain,2021,1064
15,15,16,31,Esteban Ocon OCO,Alpine Renault,1:31.724,,,6,bahrain,2021,1064
16,16,17,6,Nicholas Latifi LAT,Williams Mercedes,1:31.936,,,8,bahrain,2021,1064
17,17,18,5,Sebastian Vettel VET,Aston Martin Mercedes,1:32.056,,,6,bahrain,2021,1064
18,18,19,47,Mick Schumacher MSC,Haas Ferrari,1:32.449,,,6,bahrain,2021,1064
19,19,20,9,Nikita Mazepin MAZ,Haas Ferrari,1:33.273,,,7,bahrain,2021,1064
20,0,1,44,Lewis Hamilton HAM,Mercedes,1:14.823,1:14.817,1:14.411,23,italy,2021,1065
21,1,2,11,Sergio Perez PER,Red Bull Racing Honda,1:15.395,1:14.716,1:14.446,18,italy,2021,1065
22,2,3,33,Max Verstappen VER,Red Bull Racing Honda,1:15.109,1:14.884,1:14.498,20,italy,2021,1065
23,3,4,16,Charles Leclerc LEC,Ferrari,1:15.413,1:14.808,1:14.740,19,italy,2021,1065
24,4,5,10,Pierre Gasly GAS,AlphaTauri Honda,1:15.548,1:14.927,1:14.790,21,italy,2021,1065
25,5,6,3,Daniel Ricciardo RIC,McLaren Mercedes,1:15.669,1:15.033,1:14.826,21,italy,2021,1065
26,6,7,4,Lando Norris NOR,McLaren Mercedes,1:15.009,1:14.718,1:14.875,15,italy,2021,1065
27,7,8,77,Valtteri Bottas BOT,Mercedes,1:14.672,1:14.905,1:14.898,22,italy,2021,1065
28,8,9,31,Esteban Ocon OCO,Alpine Renault,1:15.385,1:15.117,1:15.210,20,italy,2021,1065
29,9,10,18,Lance Stroll STR,Aston Martin Mercedes,1:15.522,1:15.138,DNF,20,italy,2021,1065
30,10,11,55,Carlos Sainz SAI,Ferrari,1:15.406,1:15.199,,16,italy,2021,1065
31,11,12,63,George Russell RUS,Williams Mercedes,1:15.826,1:15.261,,16,italy,2021,1065
32,12,13,5,Sebastian Vettel VET,Aston Martin Mercedes,1:15.459,1:15.394,,14,italy,2021,1065
33,13,14,6,Nicholas Latifi LAT,Williams Mercedes,1:15.653,1:15.593,,14,italy,2021,1065
34,14,15,14,Fernando Alonso ALO,Alpine Renault,1:15.832,1:15.593,,14,italy,2021,1065
35,15,16,7,Kimi Räikkönen RAI,Alfa Romeo Racing Ferrari,1:15.974,,,10,italy,2021,1065
36,16,17,99,Antonio Giovinazzi GIO,Alfa Romeo Racing Ferrari,1:16.122,,,9,italy,2021,1065
37,17,18,47,Mick Schumacher MSC,Haas Ferrari,1:16.279,,,12,italy,2021,1065
38,18,19,9,Nikita Mazepin MAZ,Haas Ferrari,1:16.797,,,12,italy,2021,1065
39,19,RT,22,Yuki Tsunoda TSU,AlphaTauri Honda,DNF,,,2,italy,2021,1065
40,0,1,77,Valtteri Bottas BOT,Mercedes,1:18.722,1:18.458,1:18.348,23,portugal,2021,1066
41,1,2,44,Lewis Hamilton HAM,Mercedes,1:18.857,1:17.968,1:18.355,24,portugal,2021,1066
42,2,3,33,Max Verstappen VER,Red Bull Racing Honda,1:19.485,1:18.650,1:18.746,20,portugal,2021,1066
43,3,4,11,Sergio Perez PER,Red Bull Racing Honda,1:19.337,1:18.845,1:18.890,22,portugal,2021,1066
44,4,5,55,Carlos Sainz SAI,Ferrari,1:19.309,1:18.813,1:19.039,23,portugal,2021,1066
45,5,6,31,Esteban Ocon OCO,Alpine Renault,1:19.092,1:18.586,1:19.042,17,portugal,2021,1066
46,6,7,4,Lando Norris NOR,McLaren Mercedes,1:18.794,1:18.481,1:19.116,24,portugal,2021,1066
47,7,8,16,Charles Leclerc LEC,Ferrari,1:19.373,1:18.769,1:19.306,29,portugal,2021,1066
48,8,9,10,Pierre Gasly GAS,AlphaTauri Honda,1:19.464,1:19.052,1:19.475,26,portugal,2021,1066
49,9,10,5,Sebastian Vettel VET,Aston Martin Mercedes,1:19.403,1:18.970,1:19.659,22,portugal,2021,1066
50,10,11,63,George Russell RUS,Williams Mercedes,1:19.797,1:19.109,,15,portugal,2021,1066
51,11,12,99,Antonio Giovinazzi GIO,Alfa Romeo Racing Ferrari,1:19.410,1:19.216,,19,portugal,2021,1066
52,12,13,14,Fernando Alonso ALO,Alpine Renault,1:19.728,1:19.456,,12,portugal,2021,1066
53,13,14,22,Yuki Tsunoda TSU,AlphaTauri Honda,1:19.684,1:19.463,,17,portugal,2021,1066
54,14,15,7,Kimi Räikkönen RAI,Alfa Romeo Racing Ferrari,1:19.748,1:19.812,,19,portugal,2021,1066
55,15,16,3,Daniel Ricciardo RIC,McLaren Mercedes,1:19.839,,,11,portugal,2021,1066
56,16,17,18,Lance Stroll STR,Aston Martin Mercedes,1:19.913,,,10,portugal,2021,1066
57,17,18,6,Nicholas Latifi LAT,Williams Mercedes,1:20.285,,,9,portugal,2021,1066
58,18,19,47,Mick Schumacher MSC,Haas Ferrari,1:20.452,,,11,portugal,2021,1066
59,19,20,9,Nikita Mazepin MAZ,Haas Ferrari,1:20.912,,,11,portugal,2021,1066
60,0,1,44,Lewis Hamilton HAM,Mercedes,1:18.245,1:17.166,1:16.741,19,spain,2021,1086
61,1,2,33,Max Verstappen VER,Red Bull Racing Honda,1:18.090,1:16.922,1:16.777,14,spain,2021,1086
62,2,3,77,Valtteri Bottas BOT,Mercedes,1:18.005,1:17.142,1:16.873,16,spain,2021,1086
63,3,4,16,Charles Leclerc LEC,Ferrari,1:18.041,1:17.717,1:17.510,18,spain,2021,1086
64,4,5,31,Esteban Ocon OCO,Alpine Renault,1:18.281,1:17.743,1:17.580,15,spain,2021,1086
65,5,6,55,Carlos Sainz SAI,Ferrari,1:18.205,1:17.656,1:17.620,15,spain,2021,1086
66,6,7,3,Daniel Ricciardo RIC,McLaren Mercedes,1:18.264,1:17.719,1:17.622,14,spain,2021,1086
67,7,8,11,Sergio Perez PER,Red Bull Racing Honda,1:18.203,1:17.669,1:17.701,17,spain,2021,1086
68,8,9,4,Lando Norris NOR,McLaren Mercedes,1:17.821,1:17.696,1:18.010,17,spain,2021,1086
69,9,10,14,Fernando Alonso ALO,Alpine Renault,1:18.281,1:17.966,1:18.147,17,spain,2021,1086
70,10,11,18,Lance Stroll STR,Aston Martin Mercedes,1:18.241,1:17.974,,12,spain,2021,1086
71,11,12,10,Pierre Gasly GAS,AlphaTauri Honda,1:18.190,1:17.982,,9,spain,2021,1086
72,12,13,5,Sebastian Vettel VET,Aston Martin Mercedes,1:18.289,1:18.079,,12,spain,2021,1086
73,13,14,99,Antonio Giovinazzi GIO,Alfa Romeo Racing Ferrari,1:18.549,1:18.356,,12,spain,2021,1086
74,14,15,63,George Russell RUS,Williams Mercedes,1:18.445,1:19.154,,11,spain,2021,1086
75,15,16,22,Yuki Tsunoda TSU,AlphaTauri Honda,1:18.556,,,6,spain,2021,1086
76,16,17,7,Kimi Räikkönen RAI,Alfa Romeo Racing Ferrari,1:18.917,,,6,spain,2021,1086
77,17,18,47,Mick Schumacher MSC,Haas Ferrari,1:19.117,,,9,spain,2021,1086
78,18,19,6,Nicholas Latifi LAT,Williams Mercedes,1:19.219,,,9,spain,2021,1086
79,19,20,9,Nikita Mazepin MAZ,Haas Ferrari,1:19.807,,,9,spain,2021,1086
80,0,1,16,Charles Leclerc LEC,Ferrari,1:11.113,1:10.597,1:10.346,27,monaco,2021,1067
81,1,2,33,Max Verstappen VER,Red Bull Racing Honda,1:11.124,1:10.650,1:10.576,23,monaco,2021,1067
82,2,3,77,Valtteri Bottas BOT,Mercedes,1:10.938,1:10.695,1:10.601,28,monaco,2021,1067
83,3,4,55,Carlos Sainz SAI,Ferrari,1:11.324,1:10.806,1:10.611,25,monaco,2021,1067
84,4,5,4,Lando Norris NOR,McLaren Mercedes,1:11.321,1:11.031,1:10.620,23,monaco,2021,1067
85,5,6,10,Pierre Gasly GAS,AlphaTauri Honda,1:11.560,1:11.179,1:10.900,30,monaco,2021,1067
86,6,7,44,Lewis Hamilton HAM,Mercedes,1:11.622,1:11.116,1:11.095,30,monaco,2021,1067
87,7,8,5,Sebastian Vettel VET,Aston Martin Mercedes,1:12.078,1:11.309,1:11.419,26,monaco,2021,1067
88,8,9,11,Sergio Perez PER,Red Bull Racing Honda,1:11.644,1:11.019,1:11.573,26,monaco,2021,1067
89,9,10,99,Antonio Giovinazzi GIO,Alfa Romeo Racing Ferrari,1:11.658,1:11.409,1:11.779,28,monaco,2021,1067
90,10,11,31,Esteban Ocon OCO,Alpine Renault,1:11.740,1:11.486,,22,monaco,2021,1067
91,11,12,3,Daniel Ricciardo RIC,McLaren Mercedes,1:11.747,1:11.598,,21,monaco,2021,1067
92,12,13,18,Lance Stroll STR,Aston Martin Mercedes,1:11.979,1:11.600,,20,monaco,2021,1067
93,13,14,7,Kimi Räikkönen RAI,Alfa Romeo Racing Ferrari,1:11.899,1:11.642,,21,monaco,2021,1067
94,14,15,63,George Russell RUS,Williams Mercedes,1:12.016,1:11.830,,24,monaco,2021,1067
95,15,16,22,Yuki Tsunoda TSU,AlphaTauri Honda,1:12.096,,,13,monaco,2021,1067
96,16,17,14,Fernando Alonso ALO,Alpine Renault,1:12.205,,,12,monaco,2021,1067
97,17,18,6,Nicholas Latifi LAT,Williams Mercedes,1:12.366,,,14,monaco,2021,1067
98,18,19,9,Nikita Mazepin MAZ,Haas Ferrari,1:12.958,,,12,monaco,2021,1067
99,0,1,16,Charles Leclerc LEC,Ferrari,1:42.241,1:41.659,1:41.218,19,azerbaijan,2021,1068
100,1,2,44,Lewis Hamilton HAM,Mercedes,1:41.545,1:41.634,1:41.450,21,azerbaijan,2021,1068
101,2,3,33,Max Verstappen VER,Red Bull Racing Honda,1:41.760,1:41.625,1:41.563,19,azerbaijan,2021,1068
102,3,4,10,Pierre Gasly GAS,AlphaTauri Honda,1:42.288,1:41.932,1:41.565,18,azerbaijan,2021,1068
103,4,5,55,Carlos Sainz SAI,Ferrari,1:42.121,1:41.740,1:41.576,18,azerbaijan,2021,1068
104,5,6,4,Lando Norris NOR,McLaren Mercedes,1:42.167,1:41.813,1:41.747,20,azerbaijan,2021,1068
105,6,7,11,Sergio Perez PER,Red Bull Racing Honda,1:41.968,1:41.630,1:41.917,18,azerbaijan,2021,1068
106,7,8,22,Yuki Tsunoda TSU,AlphaTauri Honda,1:42.521,1:41.654,1:42.211,19,azerbaijan,2021,1068
107,8,9,14,Fernando Alonso ALO,Alpine Renault,1:42.934,1:42.195,1:42.327,20,azerbaijan,2021,1068
108,9,10,77,Valtteri Bottas BOT,Mercedes,1:42.701,1:42.106,1:42.659,21,azerbaijan,2021,1068
109,10,11,5,Sebastian Vettel VET,Aston Martin Mercedes,1:42.460,1:42.224,,15,azerbaijan,2021,1068
110,11,12,31,Esteban Ocon OCO,Alpine Renault,1:42.426,1:42.273,,11,azerbaijan,2021,1068
111,12,13,3,Daniel Ricciardo RIC,McLaren Mercedes,1:42.304,1:42.558,,14,azerbaijan,2021,1068
112,13,14,7,Kimi Räikkönen RAI,Alfa Romeo Racing Ferrari,1:42.923,1:42.587,,15,azerbaijan,2021,1068
113,14,15,63,George Russell RUS,Williams Mercedes,1:42.728,1:42.758,,12,azerbaijan,2021,1068
114,15,16,6,Nicholas Latifi LAT,Williams Mercedes,1:43.128,,,8,azerbaijan,2021,1068
115,16,17,47,Mick Schumacher MSC,Haas Ferrari,1:44.158,,,10,azerbaijan,2021,1068
116,17,18,9,Nikita Mazepin MAZ,Haas Ferrari,1:44.238,,,9,azerbaijan,2021,1068
117,18,RT,18,Lance Stroll STR,Aston Martin Mercedes,DNF,,,2,azerbaijan,2021,1068
118,19,RT,99,Antonio Giovinazzi GIO,Alfa Romeo Racing Ferrari,DNF,,,4,azerbaijan,2021,1068
119,0,1,33,Max Verstappen VER,Red Bull Racing Honda,1:31.001,1:31.080,1:29.990,16,france,2021,1070
120,1,2,44,Lewis Hamilton HAM,Mercedes,1:31.237,1:30.788,1:30.248,20,france,2021,1070
121,2,3,77,Valtteri Bottas BOT,Mercedes,1:31.669,1:30.735,1:30.376,16,france,2021,1070
122,3,4,11,Sergio Perez PER,Red Bull Racing Honda,1:31.560,1:30.971,1:30.445,16,france,2021,1070
123,4,5,55,Carlos Sainz SAI,Ferrari,1:32.079,1:31.146,1:30.840,19,france,2021,1070
124,5,6,10,Pierre Gasly GAS,AlphaTauri Honda,1:31.898,1:31.353,1:30.868,22,france,2021,1070
125,6,7,16,Charles Leclerc LEC,Ferrari,1:32.209,1:31.567,1:30.987,20,france,2021,1070
126,7,8,4,Lando Norris NOR,McLaren Mercedes,1:31.733,1:31.542,1:31.252,18,france,2021,1070
127,8,9,14,Fernando Alonso ALO,Alpine Renault,1:32.158,1:31.549,1:31.340,17,france,2021,1070
128,9,10,3,Daniel Ricciardo RIC,McLaren Mercedes,1:32.181,1:31.615,1:31.382,21,france,2021,1070
129,10,11,31,Esteban Ocon OCO,Alpine Renault,1:32.139,1:31.736,,10,france,2021,1070
130,11,12,5,Sebastian Vettel VET,Aston Martin Mercedes,1:32.132,1:31.767,,12,france,2021,1070
131,12,13,99,Antonio Giovinazzi GIO,Alfa Romeo Racing Ferrari,1:32.722,1:31.813,,13,france,2021,1070
132,13,14,63,George Russell RUS,Williams Mercedes,1:33.060,1:32.065,,13,france,2021,1070
133,14,15,47,Mick Schumacher MSC,Haas Ferrari,1:32.942,,,7,france,2021,1070
134,15,16,6,Nicholas Latifi LAT,Williams Mercedes,1:33.062,,,7,france,2021,1070
135,16,17,7,Kimi Räikkönen RAI,Alfa Romeo Racing Ferrari,1:33.354,,,7,france,2021,1070
136,17,18,9,Nikita Mazepin MAZ,Haas Ferrari,1:33.554,,,7,france,2021,1070
137,18,NC,18,Lance Stroll STR,Aston Martin Mercedes,2:12.584,,,7,france,2021,1070
138,19,RT,22,Yuki Tsunoda TSU,AlphaTauri Honda,DNF,,,2,france,2021,1070
139,0,1,33,Max Verstappen VER,Red Bull Racing Honda,1:04.489,1:04.433,1:03.841,20,austria,2021,1092
140,1,2,77,Valtteri Bottas BOT,Mercedes,1:04.537,1:04.443,1:04.035,23,austria,2021,1092
141,2,3,44,Lewis Hamilton HAM,Mercedes,1:04.672,1:04.512,1:04.067,25,austria,2021,1092
142,3,4,4,Lando Norris NOR,McLaren Mercedes,1:04.584,1:04.298,1:04.120,17,austria,2021,1092
143,4,5,11,Sergio Perez PER,Red Bull Racing Honda,1:04.638,1:04.197,1:04.168,21,austria,2021,1092
144,5,6,10,Pierre Gasly GAS,AlphaTauri Honda,1:04.765,1:04.429,1:04.236,18,austria,2021,1092
145,6,7,16,Charles Leclerc LEC,Ferrari,1:04.745,1:04.646,1:04.472,21,austria,2021,1092
146,7,8,22,Yuki Tsunoda TSU,AlphaTauri Honda,1:04.608,1:04.631,1:04.514,21,austria,2021,1092
147,8,9,14,Fernando Alonso ALO,Alpine Renault,1:04.971,1:04.582,1:04.574,18,austria,2021,1092
148,9,10,18,Lance Stroll STR,Aston Martin Mercedes,1:04.821,1:04.663,1:04.708,18,austria,2021,1092
149,10,11,63,George Russell RUS,Williams Mercedes,1:05.033,1:04.671,,14,austria,2021,1092
150,11,12,55,Carlos Sainz SAI,Ferrari,1:04.859,1:04.800,,15,austria,2021,1092
151,12,13,3,Daniel Ricciardo RIC,McLaren Mercedes,1:05.142,1:04.808,,14,austria,2021,1092
152,13,14,5,Sebastian Vettel VET,Aston Martin Mercedes,1:05.051,1:04.875,,15,austria,2021,1092
153,14,15,99,Antonio Giovinazzi GIO,Alfa Romeo Racing Ferrari,1:05.092,1:04.913,,17,austria,2021,1092
154,15,16,6,Nicholas Latifi LAT,Williams Mercedes,1:05.175,,,9,austria,2021,1092
155,16,17,31,Esteban Ocon OCO,Alpine Renault,1:05.217,,,6,austria,2021,1092
156,17,18,7,Kimi Räikkönen RAI,Alfa Romeo Racing Ferrari,1:05.429,,,8,austria,2021,1092
157,18,19,47,Mick Schumacher MSC,Haas Ferrari,1:06.041,,,8,austria,2021,1092
158,19,20,9,Nikita Mazepin MAZ,Haas Ferrari,1:06.192,,,9,austria,2021,1092
159,0,1,33,Max Verstappen VER,Red Bull Racing Honda,1:04.249,1:03.927,1:03.720,16,austria,2021,1071
160,1,2,4,Lando Norris NOR,McLaren Mercedes,1:04.345,1:04.415,1:03.768,19,austria,2021,1071
161,2,3,11,Sergio Perez PER,Red Bull Racing Honda,1:04.833,1:04.483,1:03.990,24,austria,2021,1071
162,3,4,44,Lewis Hamilton HAM,Mercedes,1:04.506,1:04.258,1:04.014,18,austria,2021,1071
163,4,5,77,Valtteri Bottas BOT,Mercedes,1:04.563,1:04.376,1:04.049,19,austria,2021,1071
164,5,6,10,Pierre Gasly GAS,AlphaTauri Honda,1:04.841,1:04.412,1:04.107,21,austria,2021,1071
165,6,7,22,Yuki Tsunoda TSU,AlphaTauri Honda,1:04.967,1:04.518,1:04.273,21,austria,2021,1071
166,7,8,5,Sebastian Vettel VET,Aston Martin Mercedes,1:04.846,1:04.493,1:04.570,20,austria,2021,1071
167,8,9,63,George Russell RUS,Williams Mercedes,1:04.907,1:04.553,1:04.591,15,austria,2021,1071
168,9,10,18,Lance Stroll STR,Aston Martin Mercedes,1:04.927,1:04.547,1:04.618,21,austria,2021,1071
169,10,11,55,Carlos Sainz SAI,Ferrari,1:04.596,1:04.559,,15,austria,2021,1071
170,11,12,16,Charles Leclerc LEC,Ferrari,1:04.906,1:04.600,,15,austria,2021,1071
171,12,13,3,Daniel Ricciardo RIC,McLaren Mercedes,1:04.977,1:04.719,,15,austria,2021,1071
172,13,14,14,Fernando Alonso ALO,Alpine Renault,1:04.472,1:04.856,,9,austria,2021,1071
173,14,15,99,Antonio Giovinazzi GIO,Alfa Romeo Racing Ferrari,1:04.782,1:05.083,,15,austria,2021,1071
174,15,16,7,Kimi Räikkönen RAI,Alfa Romeo Racing Ferrari,1:05.009,,,9,austria,2021,1071
175,16,17,31,Esteban Ocon OCO,Alpine Renault,1:05.051,,,6,austria,2021,1071
176,17,18,6,Nicholas Latifi LAT,Williams Mercedes,1:05.195,,,6,austria,2021,1071
177,18,19,47,Mick Schumacher MSC,Haas Ferrari,1:05.427,,,9,austria,2021,1071
178,19,20,9,Nikita Mazepin MAZ,Haas Ferrari,1:05.951,,,9,austria,2021,1071
179,0,1,44,Lewis Hamilton HAM,Mercedes,1:26.786,1:26.023,1:26.134,23,great-britain,2021,1072
180,1,2,33,Max Verstappen VER,Red Bull Racing Honda,1:26.751,1:26.315,1:26.209,16,great-britain,2021,1072
181,2,3,77,Valtteri Bottas BOT,Mercedes,1:27.487,1:26.764,1:26.328,22,great-britain,2021,1072
182,3,4,16,Charles Leclerc LEC,Ferrari,1:27.051,1:26.919,1:26.828,20,great-britain,2021,1072
183,4,5,11,Sergio Perez PER,Red Bull Racing Honda,1:27.121,1:27.073,1:26.844,17,great-britain,2021,1072
184,5,6,4,Lando Norris NOR,McLaren Mercedes,1:27.444,1:27.220,1:26.897,20,great-britain,2021,1072
185,6,7,3,Daniel Ricciardo RIC,McLaren Mercedes,1:27.323,1:27.125,1:26.899,22,great-britain,2021,1072
186,7,8,63,George Russell RUS,Williams Mercedes,1:27.671,1:27.080,1:26.971,17,great-britain,2021,1072
187,8,9,55,Carlos Sainz SAI,Ferrari,1:27.337,1:26.848,1:27.007,21,great-britain,2021,1072
188,9,10,5,Sebastian Vettel VET,Aston Martin Mercedes,1:27.493,1:27.103,1:27.179,15,great-britain,2021,1072
189,10,11,14,Fernando Alonso ALO,Alpine Renault,1:27.580,1:27.245,,12,great-britain,2021,1072
190,11,12,10,Pierre Gasly GAS,AlphaTauri Honda,1:27.600,1:27.273,,14,great-britain,2021,1072
191,12,13,31,Esteban Ocon OCO,Alpine Renault,1:27.415,1:27.340,,12,great-britain,2021,1072
192,13,14,99,Antonio Giovinazzi GIO,Alfa Romeo Racing Ferrari,1:27.595,1:27.617,,15,great-britain,2021,1072
193,14,15,18,Lance Stroll STR,Aston Martin Mercedes,1:28.017,1:27.665,,12,great-britain,2021,1072
194,15,16,22,Yuki Tsunoda TSU,AlphaTauri Honda,1:28.043,,,10,great-britain,2021,1072
195,16,17,7,Kimi Räikkönen RAI,Alfa Romeo Racing Ferrari,1:28.062,,,9,great-britain,2021,1072
196,17,18,6,Nicholas Latifi LAT,Williams Mercedes,1:28.254,,,8,great-britain,2021,1072
197,18,19,47,Mick Schumacher MSC,Haas Ferrari,1:28.738,,,10,great-britain,2021,1072
198,19,20,9,Nikita Mazepin MAZ,Haas Ferrari,1:29.051,,,9,great-britain,2021,1072
199,0,1,44,Lewis Hamilton HAM,Mercedes,1:16.424,1:16.553,1:15.419,19,hungary,2021,1073
200,1,2,77,Valtteri Bottas BOT,Mercedes,1:16.569,1:16.702,1:15.734,18,hungary,2021,1073
201,2,3,33,Max Verstappen VER,Red Bull Racing Honda,1:16.214,1:15.650,1:15.840,17,hungary,2021,1073
202,3,4,11,Sergio Perez PER,Red Bull Racing Honda,1:17.233,1:16.443,1:16.421,16,hungary,2021,1073
203,4,5,10,Pierre Gasly GAS,AlphaTauri Honda,1:16.874,1:16.394,1:16.483,15,hungary,2021,1073
204,5,6,4,Lando Norris NOR,McLaren Mercedes,1:17.081,1:16.385,1:16.489,17,hungary,2021,1073
205,6,7,16,Charles Leclerc LEC,Ferrari,1:17.084,1:16.574,1:16.496,17,hungary,2021,1073
206,7,8,31,Esteban Ocon OCO,Alpine Renault,1:17.367,1:16.766,1:16.653,15,hungary,2021,1073
207,8,9,14,Fernando Alonso ALO,Alpine Renault,1:17.123,1:16.541,1:16.715,15,hungary,2021,1073
208,9,10,5,Sebastian Vettel VET,Aston Martin Mercedes,1:17.105,1:16.794,1:16.750,15,hungary,2021,1073
209,10,11,3,Daniel Ricciardo RIC,McLaren Mercedes,1:17.664,1:16.871,,13,hungary,2021,1073
210,11,12,18,Lance Stroll STR,Aston Martin Mercedes,1:17.038,1:16.893,,12,hungary,2021,1073
211,12,13,7,Kimi Räikkönen RAI,Alfa Romeo Racing Ferrari,1:17.553,1:17.564,,15,hungary,2021,1073
212,13,14,99,Antonio Giovinazzi GIO,Alfa Romeo Racing Ferrari,1:17.776,1:17.583,,12,hungary,2021,1073
213,14,15,55,Carlos Sainz SAI,Ferrari,1:16.649,DNF,,5,hungary,2021,1073
214,15,16,22,Yuki Tsunoda TSU,AlphaTauri Honda,1:17.919,,,8,hungary,2021,1073
215,16,17,63,George Russell RUS,Williams Mercedes,1:17.944,,,8,hungary,2021,1073
216,17,18,6,Nicholas Latifi LAT,Williams Mercedes,1:18.036,,,8,hungary,2021,1073
217,18,19,9,Nikita Mazepin MAZ,Haas Ferrari,1:18.922,,,9,hungary,2021,1073
218,0,1,33,Max Verstappen VER,Red Bull Racing Honda,1:58.717,1:56.559,1:59.765,20,belgium,2021,1074
219,1,2,63,George Russell RUS,Williams Mercedes,1:59.864,1:56.950,2:00.086,24,belgium,2021,1074
220,2,3,44,Lewis Hamilton HAM,Mercedes,1:59.218,1:56.229,2:00.099,22,belgium,2021,1074
221,3,4,3,Daniel Ricciardo RIC,McLaren Mercedes,2:01.583,1:57.127,2:00.864,22,belgium,2021,1074
222,4,5,5,Sebastian Vettel VET,Aston Martin Mercedes,2:00.175,1:56.814,2:00.935,23,belgium,2021,1074
223,5,6,10,Pierre Gasly GAS,AlphaTauri Honda,2:00.387,1:56.440,2:01.164,23,belgium,2021,1074
224,6,7,11,Sergio Perez PER,Red Bull Racing Honda,1:59.334,1:56.886,2:02.112,22,belgium,2021,1074
225,7,8,77,Valtteri Bottas BOT,Mercedes,1:59.870,1:56.295,2:02.502,22,belgium,2021,1074
226,8,9,31,Esteban Ocon OCO,Alpine Renault,2:01.824,1:57.354,2:03.513,23,belgium,2021,1074
227,9,10,4,Lando Norris NOR,McLaren Mercedes,1:58.301,1:56.025,DNF,19,belgium,2021,1074
228,10,11,16,Charles Leclerc LEC,Ferrari,2:00.728,1:57.721,,16,belgium,2021,1074
229,11,12,6,Nicholas Latifi LAT,Williams Mercedes,2:00.966,1:58.056,,17,belgium,2021,1074
230,12,13,55,Carlos Sainz SAI,Ferrari,2:01.184,1:58.137,,15,belgium,2021,1074
231,13,14,14,Fernando Alonso ALO,Alpine Renault,2:01.653,1:58.205,,16,belgium,2021,1074
232,14,15,18,Lance Stroll STR,Aston Martin Mercedes,2:01.597,1:58.231,,16,belgium,2021,1074
233,15,16,99,Antonio Giovinazzi GIO,Alfa Romeo Racing Ferrari,2:02.306,,,9,belgium,2021,1074
234,16,17,22,Yuki Tsunoda TSU,AlphaTauri Honda,2:02.413,,,9,belgium,2021,1074
235,17,18,47,Mick Schumacher MSC,Haas Ferrari,2:03.973,,,9,belgium,2021,1074
236,18,19,7,Kimi Räikkönen RAI,Alfa Romeo Racing Ferrari,2:04.452,,,9,belgium,2021,1074
237,19,20,9,Nikita Mazepin MAZ,Haas Ferrari,2:04.939,,,8,belgium,2021,1074
238,0,1,33,Max Verstappen VER,Red Bull Racing Honda,1:10.036,1:09.071,1:08.885,15,netherlands,2021,1075
239,1,2,44,Lewis Hamilton HAM,Mercedes,1:10.114,1:09.726,1:08.923,17,netherlands,2021,1075
240,2,3,77,Valtteri Bottas BOT,Mercedes,1:10.219,1:09.769,1:09.222,17,netherlands,2021,1075
241,3,4,10,Pierre Gasly GAS,AlphaTauri Honda,1:10.274,1:09.541,1:09.478,17,netherlands,2021,1075
242,4,5,16,Charles Leclerc LEC,Ferrari,1:09.829,1:09.437,1:09.527,18,netherlands,2021,1075
243,5,6,55,Carlos Sainz SAI,Ferrari,1:10.022,1:09.870,1:09.537,19,netherlands,2021,1075
244,6,7,99,Antonio Giovinazzi GIO,Alfa Romeo Racing Ferrari,1:10.050,1:10.033,1:09.590,17,netherlands,2021,1075
245,7,8,31,Esteban Ocon OCO,Alpine Renault,1:10.179,1:09.919,1:09.933,17,netherlands,2021,1075
246,8,9,14,Fernando Alonso ALO,Alpine Renault,1:10.435,1:10.020,1:09.956,13,netherlands,2021,1075
247,9,10,3,Daniel Ricciardo RIC,McLaren Mercedes,1:10.255,1:09.865,1:10.166,17,netherlands,2021,1075
248,10,11,63,George Russell RUS,Williams Mercedes,1:10.382,1:10.332,,13,netherlands,2021,1075
249,11,12,18,Lance Stroll STR,Aston Martin Mercedes,1:10.438,1:10.367,,13,netherlands,2021,1075
250,12,13,4,Lando Norris NOR,McLaren Mercedes,1:10.489,1:10.406,,13,netherlands,2021,1075
251,13,14,6,Nicholas Latifi LAT,Williams Mercedes,1:10.093,1:11.161,,16,netherlands,2021,1075
252,14,15,22,Yuki Tsunoda TSU,AlphaTauri Honda,1:10.462,1:11.314,,15,netherlands,2021,1075
253,15,16,11,Sergio Perez PER,Red Bull Racing Honda,1:10.530,,,9,netherlands,2021,1075
254,16,17,5,Sebastian Vettel VET,Aston Martin Mercedes,1:10.731,,,7,netherlands,2021,1075
255,17,18,88,Robert Kubica KUB,Alfa Romeo Racing Ferrari,1:11.301,,,9,netherlands,2021,1075
256,18,19,47,Mick Schumacher MSC,Haas Ferrari,1:11.387,,,11,netherlands,2021,1075
257,19,20,9,Nikita Mazepin MAZ,Haas Ferrari,1:11.875,,,10,netherlands,2021,1075
258,0,1,77,Valtteri Bottas BOT,Mercedes,1:20.685,1:20.032,1:19.555,18,italy,2021,1076
259,1,2,44,Lewis Hamilton HAM,Mercedes,1:20.543,1:19.936,1:19.651,18,italy,2021,1076
260,2,3,33,Max Verstappen VER,Red Bull Racing Honda,1:21.035,1:20.229,1:19.966,19,italy,2021,1076
261,3,4,4,Lando Norris NOR,McLaren Mercedes,1:20.916,1:20.059,1:19.989,21,italy,2021,1076
262,4,5,3,Daniel Ricciardo RIC,McLaren Mercedes,1:21.292,1:20.435,1:19.995,17,italy,2021,1076
263,5,6,10,Pierre Gasly GAS,AlphaTauri Honda,1:21.440,1:20.556,1:20.260,16,italy,2021,1076
264,6,7,55,Carlos Sainz SAI,Ferrari,1:21.118,1:20.750,1:20.462,18,italy,2021,1076
265,7,8,16,Charles Leclerc LEC,Ferrari,1:21.219,1:20.767,1:20.510,18,italy,2021,1076
266,8,9,11,Sergio Perez PER,Red Bull Racing Honda,1:21.308,1:20.882,1:20.611,20,italy,2021,1076
267,9,10,99,Antonio Giovinazzi GIO,Alfa Romeo Racing Ferrari,1:21.197,1:20.726,1:20.808,16,italy,2021,1076
268,10,11,5,Sebastian Vettel VET,Aston Martin Mercedes,1:21.394,1:20.913,,14,italy,2021,1076
269,11,12,18,Lance Stroll STR,Aston Martin Mercedes,1:21.415,1:21.020,,13,italy,2021,1076
270,12,13,14,Fernando Alonso ALO,Alpine Renault,1:21.487,1:21.069,,11,italy,2021,1076
271,13,14,31,Esteban Ocon OCO,Alpine Renault,1:21.500,1:21.103,,12,italy,2021,1076
272,14,15,63,George Russell RUS,Williams Mercedes,1:21.890,1:21.392,,16,italy,2021,1076
273,15,16,6,Nicholas Latifi LAT,Williams Mercedes,1:21.925,,,10,italy,2021,1076
274,16,17,22,Yuki Tsunoda TSU,AlphaTauri Honda,1:21.973,,,9,italy,2021,1076
275,17,18,47,Mick Schumacher MSC,Haas Ferrari,1:22.248,,,8,italy,2021,1076
276,18,19,88,Robert Kubica KUB,Alfa Romeo Racing Ferrari,1:22.530,,,7,italy,2021,1076
277,19,20,9,Nikita Mazepin MAZ,Haas Ferrari,1:22.716,,,9,italy,2021,1076
278,0,1,4,Lando Norris NOR,McLaren Mercedes,1:47.238,1:45.827,1:41.993,23,russia,2021,1077
279,1,2,55,Carlos Sainz SAI,Ferrari,1:47.924,1:46.521,1:42.510,25,russia,2021,1077
280,2,3,63,George Russell RUS,Williams Mercedes,1:48.303,1:46.435,1:42.983,26,russia,2021,1077
281,3,4,44,Lewis Hamilton HAM,Mercedes,1:45.992,1:45.129,1:44.050,24,russia,2021,1077
282,4,5,3,Daniel Ricciardo RIC,McLaren Mercedes,1:48.345,1:46.361,1:44.156,23,russia,2021,1077
283,5,6,14,Fernando Alonso ALO,Alpine Renault,1:47.877,1:45.514,1:44.204,25,russia,2021,1077
284,6,7,77,Valtteri Bottas BOT,Mercedes,1:46.396,1:45.306,1:44.710,24,russia,2021,1077
285,7,8,18,Lance Stroll STR,Aston Martin Mercedes,1:48.322,1:46.360,1:44.956,23,russia,2021,1077
286,8,9,11,Sergio Perez PER,Red Bull Racing Honda,1:46.455,1:45.834,1:45.337,24,russia,2021,1077
287,9,10,31,Esteban Ocon OCO,Alpine Renault,1:48.099,1:46.070,1:45.865,25,russia,2021,1077
288,10,11,5,Sebastian Vettel VET,Aston Martin Mercedes,1:47.205,1:46.573,,18,russia,2021,1077
289,11,12,10,Pierre Gasly GAS,AlphaTauri Honda,1:47.828,1:46.641,,18,russia,2021,1077
290,12,13,22,Yuki Tsunoda TSU,AlphaTauri Honda,1:48.854,1:46.751,,20,russia,2021,1077
291,13,14,6,Nicholas Latifi LAT,Williams Mercedes,1:48.252,DNS,,12,russia,2021,1077
292,14,15,16,Charles Leclerc LEC,Ferrari,1:48.470,,,10,russia,2021,1077
293,15,16,7,Kimi Räikkönen RAI,Alfa Romeo Racing Ferrari,1:49.586,,,10,russia,2021,1077
294,16,17,47,Mick Schumacher MSC,Haas Ferrari,1:49.830,,,10,russia,2021,1077
295,17,18,99,Antonio Giovinazzi GIO,Alfa Romeo Racing Ferrari,1:51.023,,,9,russia,2021,1077
296,18,19,9,Nikita Mazepin MAZ,Haas Ferrari,1:53.764,,,10,russia,2021,1077
297,19,20,33,Max Verstappen VER,Red Bull Racing Honda,DNF,,,2,russia,2021,1077
298,0,1,44,Lewis Hamilton HAM,Mercedes,1:24.585,1:23.082,1:22.868,28,turkey,2021,1078
299,1,2,77,Valtteri Bottas BOT,Mercedes,1:25.047,1:23.579,1:22.998,27,turkey,2021,1078
300,2,3,33,Max Verstappen VER,Red Bull Racing Honda,1:24.592,1:23.732,1:23.196,25,turkey,2021,1078
301,3,4,16,Charles Leclerc LEC,Ferrari,1:24.869,1:24.015,1:23.265,30,turkey,2021,1078
302,4,5,10,Pierre Gasly GAS,AlphaTauri Honda,1:24.704,1:23.817,1:23.326,24,turkey,2021,1078
303,5,6,14,Fernando Alonso ALO,Alpine Renault,1:25.174,1:23.914,1:23.477,24,turkey,2021,1078
304,6,7,11,Sergio Perez PER,Red Bull Racing Honda,1:24.963,1:23.961,1:23.706,24,turkey,2021,1078
305,7,8,4,Lando Norris NOR,McLaren Mercedes,1:25.138,1:24.642,1:23.954,25,turkey,2021,1078
306,8,9,18,Lance Stroll STR,Aston Martin Mercedes,1:25.511,1:24.601,1:24.305,23,turkey,2021,1078
307,9,10,22,Yuki Tsunoda TSU,AlphaTauri Honda,1:25.409,1:24.054,1:24.368,24,turkey,2021,1078
308,10,11,5,Sebastian Vettel VET,Aston Martin Mercedes,1:25.787,1:24.795,,19,turkey,2021,1078
309,11,12,31,Esteban Ocon OCO,Alpine Renault,1:25.422,1:24.842,,18,turkey,2021,1078
310,12,13,63,George Russell RUS,Williams Mercedes,1:25.417,1:25.007,,20,turkey,2021,1078
311,13,14,47,Mick Schumacher MSC,Haas Ferrari,1:25.555,1:25.200,,19,turkey,2021,1078
312,14,15,55,Carlos Sainz SAI,Ferrari,1:25.177,DNS,,13,turkey,2021,1078
313,15,16,3,Daniel Ricciardo RIC,McLaren Mercedes,1:25.881,,,10,turkey,2021,1078
314,16,17,6,Nicholas Latifi LAT,Williams Mercedes,1:26.086,,,10,turkey,2021,1078
315,17,18,99,Antonio Giovinazzi GIO,Alfa Romeo Racing Ferrari,1:26.430,,,11,turkey,2021,1078
316,18,19,7,Kimi Räikkönen RAI,Alfa Romeo Racing Ferrari,1:27.525,,,11,turkey,2021,1078
317,19,20,9,Nikita Mazepin MAZ,Haas Ferrari,1:28.449,,,10,turkey,2021,1078
318,0,1,33,Max Verstappen VER,Red Bull Racing Honda,1:34.352,1:33.464,1:32.910,16,united-states,2021,1102
319,1,2,44,Lewis Hamilton HAM,Mercedes,1:34.579,1:33.797,1:33.119,16,united-states,2021,1102
320,2,3,11,Sergio Perez PER,Red Bull Racing Honda,1:34.369,1:34.178,1:33.134,19,united-states,2021,1102
321,3,4,77,Valtteri Bottas BOT,Mercedes,1:34.590,1:33.959,1:33.475,15,united-states,2021,1102
322,4,5,16,Charles Leclerc LEC,Ferrari,1:34.153,1:33.928,1:33.606,17,united-states,2021,1102
323,5,6,55,Carlos Sainz SAI,Ferrari,1:34.558,1:34.126,1:33.792,15,united-states,2021,1102
324,6,7,3,Daniel Ricciardo RIC,McLaren Mercedes,1:34.407,1:34.643,1:33.808,15,united-states,2021,1102
325,7,8,4,Lando Norris NOR,McLaren Mercedes,1:34.551,1:33.880,1:33.887,14,united-states,2021,1102
326,8,9,10,Pierre Gasly GAS,AlphaTauri Honda,1:34.567,1:34.583,1:34.118,17,united-states,2021,1102
327,9,10,22,Yuki Tsunoda TSU,AlphaTauri Honda,1:35.360,1:35.137,1:34.918,18,united-states,2021,1102
328,10,11,31,Esteban Ocon OCO,Alpine Renault,1:35.747,1:35.377,,12,united-states,2021,1102
329,11,12,5,Sebastian Vettel VET,Aston Martin Mercedes,1:35.281,1:35.500,,9,united-states,2021,1102
330,12,13,99,Antonio Giovinazzi GIO,Alfa Romeo Racing Ferrari,1:35.920,1:35.794,,8,united-states,2021,1102
331,13,14,14,Fernando Alonso ALO,Alpine Renault,1:35.756,1:44.549,,12,united-states,2021,1102
332,14,15,63,George Russell RUS,Williams Mercedes,1:35.746,DNF,,11,united-states,2021,1102
333,15,16,18,Lance Stroll STR,Aston Martin Mercedes,1:35.983,,,7,united-states,2021,1102
334,16,17,6,Nicholas Latifi LAT,Williams Mercedes,1:35.995,,,6,united-states,2021,1102
335,17,18,7,Kimi Räikkönen RAI,Alfa Romeo Racing Ferrari,1:36.311,,,7,united-states,2021,1102
336,18,19,47,Mick Schumacher MSC,Haas Ferrari,1:36.499,,,9,united-states,2021,1102
337,19,20,9,Nikita Mazepin MAZ,Haas Ferrari,1:36.796,,,8,united-states,2021,1102
338,0,1,77,Valtteri Bottas BOT,Mercedes,1:16.727,1:16.864,1:15.875,23,mexico,2021,1103
339,1,2,44,Lewis Hamilton HAM,Mercedes,1:17.207,1:16.474,1:16.020,22,mexico,2021,1103
340,2,3,33,Max Verstappen VER,Red Bull Racing Honda,1:16.788,1:16.483,1:16.225,18,mexico,2021,1103
341,3,4,11,Sergio Perez PER,Red Bull Racing Honda,1:17.003,1:17.055,1:16.342,18,mexico,2021,1103
342,4,5,10,Pierre Gasly GAS,AlphaTauri Honda,1:16.908,1:16.955,1:16.456,22,mexico,2021,1103
343,5,6,55,Carlos Sainz SAI,Ferrari,1:17.517,1:17.248,1:16.761,23,mexico,2021,1103
344,6,7,3,Daniel Ricciardo RIC,McLaren Mercedes,1:17.719,1:17.092,1:16.763,17,mexico,2021,1103
345,7,8,16,Charles Leclerc LEC,Ferrari,1:16.748,1:17.034,1:16.837,22,mexico,2021,1103
346,8,9,22,Yuki Tsunoda TSU,AlphaTauri Honda,1:17.330,1:16.701,1:17.158,19,mexico,2021,1103
347,9,10,4,Lando Norris NOR,McLaren Mercedes,1:17.569,1:17.473,1:36.830,19,mexico,2021,1103
348,10,11,5,Sebastian Vettel VET,Aston Martin Mercedes,1:17.502,1:17.746,,16,mexico,2021,1103
349,11,12,7,Kimi Räikkönen RAI,Alfa Romeo Racing Ferrari,1:17.606,1:17.958,,18,mexico,2021,1103
350,12,13,63,George Russell RUS,Williams Mercedes,1:17.958,1:18.172,,13,mexico,2021,1103
351,13,14,99,Antonio Giovinazzi GIO,Alfa Romeo Racing Ferrari,1:17.897,1:18.290,,15,mexico,2021,1103
352,14,15,31,Esteban Ocon OCO,Alpine Renault,1:18.126,1:18.405,,13,mexico,2021,1103
353,15,16,14,Fernando Alonso ALO,Alpine Renault,1:18.452,,,7,mexico,2021,1103
354,16,17,6,Nicholas Latifi LAT,Williams Mercedes,1:18.756,,,8,mexico,2021,1103
355,17,18,47,Mick Schumacher MSC,Haas Ferrari,1:18.858,,,9,mexico,2021,1103
356,18,19,9,Nikita Mazepin MAZ,Haas Ferrari,1:19.303,,,9,mexico,2021,1103
357,19,20,18,Lance Stroll STR,Aston Martin Mercedes,1:20.873,,,3,mexico,2021,1103
358,0,NC,44,Lewis Hamilton HAM,Mercedes,1:08.733,1:08.068,1:07.934,23,brazil,2021,1104
359,1,1,33,Max Verstappen VER,Red Bull Racing Honda,1:09.329,1:08.499,1:08.372,17,brazil,2021,1104
360,2,2,77,Valtteri Bottas BOT,Mercedes,1:09.040,1:08.426,1:08.469,23,brazil,2021,1104
361,3,3,11,Sergio Perez PER,Red Bull Racing Honda,1:09.172,1:08.973,1:08.483,22,brazil,2021,1104
362,4,4,10,Pierre Gasly GAS,AlphaTauri Honda,1:09.347,1:08.903,1:08.777,18,brazil,2021,1104
363,5,5,55,Carlos Sainz SAI,Ferrari,1:09.046,1:09.031,1:08.826,19,brazil,2021,1104
364,6,6,16,Charles Leclerc LEC,Ferrari,1:09.155,1:08.859,1:08.960,22,brazil,2021,1104
365,7,7,4,Lando Norris NOR,McLaren Mercedes,1:09.365,1:09.030,1:08.980,22,brazil,2021,1104
366,8,8,3,Daniel Ricciardo RIC,McLaren Mercedes,1:09.374,1:09.093,1:09.039,22,brazil,2021,1104
367,9,9,14,Fernando Alonso ALO,Alpine Renault,1:09.391,1:09.137,1:09.113,19,brazil,2021,1104
368,10,10,31,Esteban Ocon OCO,Alpine Renault,1:09.430,1:09.189,,14,brazil,2021,1104
369,11,11,5,Sebastian Vettel VET,Aston Martin Mercedes,1:09.451,1:09.399,,15,brazil,2021,1104
370,12,12,22,Yuki Tsunoda TSU,AlphaTauri Honda,1:09.350,1:09.483,,9,brazil,2021,1104
371,13,13,7,Kimi Räikkönen RAI,Alfa Romeo Racing Ferrari,1:09.598,1:09.503,,15,brazil,2021,1104
372,14,14,99,Antonio Giovinazzi GIO,Alfa Romeo Racing Ferrari,1:09.342,1:10.227,,14,brazil,2021,1104
373,15,15,18,Lance Stroll STR,Aston Martin Mercedes,1:09.663,,,9,brazil,2021,1104
374,16,16,6,Nicholas Latifi LAT,Williams Mercedes,1:09.897,,,9,brazil,2021,1104
375,17,17,63,George Russell RUS,Williams Mercedes,1:09.953,,,10,brazil,2021,1104
376,18,18,47,Mick Schumacher MSC,Haas Ferrari,1:10.329,,,11,brazil,2021,1104
377,19,19,9,Nikita Mazepin MAZ,Haas Ferrari,1:10.589,,,10,brazil,2021,1104
378,0,1,44,Lewis Hamilton HAM,Mercedes,1:21.901,1:21.682,1:20.827,18,qatar,2021,1105
379,1,2,33,Max Verstappen VER,Red Bull Racing Honda,1:21.996,1:21.984,1:21.424,18,qatar,2021,1105
380,2,3,77,Valtteri Bottas BOT,Mercedes,1:22.016,1:21.991,1:21.478,20,qatar,2021,1105
381,3,4,10,Pierre Gasly GAS,AlphaTauri Honda,1:22.535,1:21.728,1:21.640,19,qatar,2021,1105
382,4,5,14,Fernando Alonso ALO,Alpine Renault,1:22.422,1:21.894,1:21.670,18,qatar,2021,1105
383,5,6,4,Lando Norris NOR,McLaren Mercedes,1:22.839,1:22.216,1:21.731,21,qatar,2021,1105
384,6,7,55,Carlos Sainz SAI,Ferrari,1:22.304,1:22.241,1:21.840,21,qatar,2021,1105
385,7,8,22,Yuki Tsunoda TSU,AlphaTauri Honda,1:22.458,1:22.058,1:21.881,18,qatar,2021,1105
386,8,9,31,Esteban Ocon OCO,Alpine Renault,1:22.565,1:22.012,1:22.028,18,qatar,2021,1105
387,9,10,5,Sebastian Vettel VET,Aston Martin Mercedes,1:22.549,1:22.146,1:22.785,21,qatar,2021,1105
388,10,11,11,Sergio Perez PER,Red Bull Racing Honda,1:22.398,1:22.346,,12,qatar,2021,1105
389,11,12,18,Lance Stroll STR,Aston Martin Mercedes,1:22.551,1:22.460,,15,qatar,2021,1105
390,12,13,16,Charles Leclerc LEC,Ferrari,1:22.742,1:22.463,,15,qatar,2021,1105
391,13,14,3,Daniel Ricciardo RIC,McLaren Mercedes,1:22.688,1:22.597,,15,qatar,2021,1105
392,14,15,63,George Russell RUS,Williams Mercedes,1:22.863,1:22.756,,16,qatar,2021,1105
393,15,16,7,Kimi Räikkönen RAI,Alfa Romeo Racing Ferrari,1:23.156,,,9,qatar,2021,1105
394,16,17,6,Nicholas Latifi LAT,Williams Mercedes,1:23.213,,,10,qatar,2021,1105
395,17,18,99,Antonio Giovinazzi GIO,Alfa Romeo Racing Ferrari,1:23.262,,,8,qatar,2021,1105
396,18,19,47,Mick Schumacher MSC,Haas Ferrari,1:23.407,,,9,qatar,2021,1105
397,19,20,9,Nikita Mazepin MAZ,Haas Ferrari,1:25.859,,,9,qatar,2021,1105
398,0,1,44,Lewis Hamilton HAM,Mercedes,1:28.466,1:27.712,1:27.511,23,saudi-arabia,2021,1106
399,1,2,77,Valtteri Bottas BOT,Mercedes,1:28.057,1:28.054,1:27.622,25,saudi-arabia,2021,1106
400,2,3,33,Max Verstappen VER,Red Bull Racing Honda,1:28.285,1:27.953,1:27.653,19,saudi-arabia,2021,1106
401,3,4,16,Charles Leclerc LEC,Ferrari,1:28.310,1:28.459,1:28.054,24,saudi-arabia,2021,1106
402,4,5,11,Sergio Perez PER,Red Bull Racing Honda,1:28.021,1:27.946,1:28.123,23,saudi-arabia,2021,1106
403,5,6,10,Pierre Gasly GAS,AlphaTauri Honda,1:28.401,1:28.314,1:28.125,26,saudi-arabia,2021,1106
404,6,7,4,Lando Norris NOR,McLaren Mercedes,1:28.338,1:28.344,1:28.180,21,saudi-arabia,2021,1106
405,7,8,22,Yuki Tsunoda TSU,AlphaTauri Honda,1:28.503,1:28.222,1:28.442,26,saudi-arabia,2021,1106
406,8,9,31,Esteban Ocon OCO,Alpine Renault,1:28.752,1:28.574,1:28.647,22,saudi-arabia,2021,1106
407,9,10,99,Antonio Giovinazzi GIO,Alfa Romeo Racing Ferrari,1:28.899,1:28.616,1:28.754,21,saudi-arabia,2021,1106
408,10,11,3,Daniel Ricciardo RIC,McLaren Mercedes,1:28.216,1:28.668,,17,saudi-arabia,2021,1106
409,11,12,7,Kimi Räikkönen RAI,Alfa Romeo Racing Ferrari,1:28.856,1:28.885,,18,saudi-arabia,2021,1106
410,12,13,14,Fernando Alonso ALO,Alpine Renault,1:28.944,1:28.920,,17,saudi-arabia,2021,1106
411,13,14,63,George Russell RUS,Williams Mercedes,1:28.926,1:29.054,,17,saudi-arabia,2021,1106
412,14,15,55,Carlos Sainz SAI,Ferrari,1:28.237,1:53.652,,16,saudi-arabia,2021,1106
413,15,16,6,Nicholas Latifi LAT,Williams Mercedes,1:29.177,,,9,saudi-arabia,2021,1106
414,16,17,5,Sebastian Vettel VET,Aston Martin Mercedes,1:29.198,,,10,saudi-arabia,2021,1106
415,17,18,18,Lance Stroll STR,Aston Martin Mercedes,1:29.368,,,9,saudi-arabia,2021,1106
416,18,19,47,Mick Schumacher MSC,Haas Ferrari,1:29.464,,,9,saudi-arabia,2021,1106
417,19,20,9,Nikita Mazepin MAZ,Haas Ferrari,1:30.473,,,8,saudi-arabia,2021,1106
418,0,1,33,Max Verstappen VER,Red Bull Racing Honda,1:23.322,1:22.800,1:22.109,20,abu-dhabi,2021,1107
419,1,2,44,Lewis Hamilton HAM,Mercedes,1:22.845,1:23.145,1:22.480,19,abu-dhabi,2021,1107
420,2,3,4,Lando Norris NOR,McLaren Mercedes,1:23.553,1:23.256,1:22.931,20,abu-dhabi,2021,1107
421,3,4,11,Sergio Perez PER,Red Bull Racing Honda,1:23.350,1:23.135,1:22.947,24,abu-dhabi,2021,1107
422,4,5,55,Carlos Sainz SAI,Ferrari,1:23.624,1:23.174,1:22.992,22,abu-dhabi,2021,1107
423,5,6,77,Valtteri Bottas BOT,Mercedes,1:23.117,1:23.246,1:23.036,20,abu-dhabi,2021,1107
424,6,7,16,Charles Leclerc LEC,Ferrari,1:23.467,1:23.202,1:23.122,23,abu-dhabi,2021,1107
425,7,8,22,Yuki Tsunoda TSU,AlphaTauri Honda,1:23.428,1:23.404,1:23.220,22,abu-dhabi,2021,1107
426,8,9,31,Esteban Ocon OCO,Alpine Renault,1:23.764,1:23.420,1:23.389,20,abu-dhabi,2021,1107
427,9,10,3,Daniel Ricciardo RIC,McLaren Mercedes,1:23.829,1:23.448,1:23.409,19,abu-dhabi,2021,1107
428,10,11,14,Fernando Alonso ALO,Alpine Renault,1:23.846,1:23.460,,12,abu-dhabi,2021,1107
429,11,12,10,Pierre Gasly GAS,AlphaTauri Honda,1:23.489,1:24.043,,16,abu-dhabi,2021,1107
430,12,13,18,Lance Stroll STR,Aston Martin Mercedes,1:24.061,1:24.066,,17,abu-dhabi,2021,1107
431,13,14,99,Antonio Giovinazzi GIO,Alfa Romeo Racing Ferrari,1:24.118,1:24.251,,17,abu-dhabi,2021,1107
432,14,15,5,Sebastian Vettel VET,Aston Martin Mercedes,1:24.225,1:24.305,,18,abu-dhabi,2021,1107
433,15,16,6,Nicholas Latifi LAT,Williams Mercedes,1:24.338,,,8,abu-dhabi,2021,1107
434,16,17,63,George Russell RUS,Williams Mercedes,1:24.423,,,7,abu-dhabi,2021,1107
435,17,18,7,Kimi Räikkönen RAI,Alfa Romeo Racing Ferrari,1:24.779,,,8,abu-dhabi,2021,1107
436,18,19,47,Mick Schumacher MSC,Haas Ferrari,1:24.906,,,9,abu-dhabi,2021,1107
437,19,20,9,Nikita Mazepin MAZ,Haas Ferrari,1:25.685,,,9,abu-dhabi,2021,1107
